,,,,,,,,,,,,,,
Places,Bopodi,Lions Point,Shooting Point,Tiger's Leap,Bushi Dam,Lonavala Lake,Ryewood Park,Wax Museum,Rajmachi Point,Duke's Nose Point,Lohagarh Fort ,Bhaja Caves,Karla Caves,Sunset Point
Lions Point,,,,,,,,,,,,,,
,,,,,,,,,,,,,,
Shooting Point,,,,,,,,,,,,,,
,,,,,,,,,,,,,,
Tiger's Leap,,,,,,,,,,,,,,
,,,,,,,,,,,,,,
Bushi Dam,,,,,,,,,,,,,,
,,,,,,,,,,,,,,
Lonavala Lake,,,,,,,,,,,,,,
,,,,,,,,,,,,,,
Ryewood Park,,,,,,,,,,,,,,
,,,,,,,,,,,,,,
Wax Museum,,,,,,,,,,,,,,
,,,,,,,,,,,,,,
Rajmachi Point,,,,,,,,,,,,,,
,,,,,,,,,,,,,,
Duke's Nose Point,,,,,,,,,,,,,,
,,,,,,,,,,,,,,
Lohagarh Fort ,,,,,,,,,,,,,,
,,,,,,,,,,,,,,
Bhaja Caves,,,,,,,,,,,,,,
,,,,,,,,,,,,,,
Karla Caves,,,,,,,,,,,,,,
,,,,,,,,,,,,,,
Sunset Point,,,,,,,,,,,,,,
,,,,,,,,,,,,,,
Bopodi,,,,,,,,,,,,,,